filepath,engine
data/raw/spoof_hi/synth_hi_4/spoof_hi_0205.wav,Commercial-Clone
data/raw/spoof_hi/synth_hi_4/spoof_hi_0005.wav,Commercial-Clone
data/raw/spoof_hi/synth_hi_4/spoof_hi_0165.wav,Commercial-Clone
data/raw/spoof_hi/synth_hi_4/spoof_hi_0065.wav,Commercial-Clone
data/raw/spoof_hi/synth_hi_4/spoof_hi_0105.wav,Commercial-Clone
data/raw/spoof_hi/synth_hi_4/spoof_hi_0265.wav,Commercial-Clone
data/raw/spoof_hi/synth_hi_4/spoof_hi_0285.wav,Commercial-Clone
data/raw/spoof_hi/synth_hi_4/spoof_hi_0125.wav,Commercial-Clone
data/raw/spoof_hi/synth_hi_4/spoof_hi_0045.wav,Commercial-Clone
data/raw/spoof_hi/synth_hi_4/spoof_hi_0245.wav,Commercial-Clone
data/raw/spoof_hi/synth_hi_4/spoof_hi_0085.wav,Commercial-Clone
data/raw/spoof_hi/synth_hi_4/spoof_hi_0225.wav,Commercial-Clone
data/raw/spoof_hi/synth_hi_4/spoof_hi_0185.wav,Commercial-Clone
data/raw/spoof_hi/synth_hi_4/spoof_hi_0145.wav,Commercial-Clone
data/raw/spoof_hi/synth_hi_4/spoof_hi_0025.wav,Commercial-Clone
data/raw/spoof_hi/synth_hi_3/spoof_hi_0204.wav,Commercial-Clone
data/raw/spoof_hi/synth_hi_3/spoof_hi_0164.wav,Commercial-Clone
data/raw/spoof_hi/synth_hi_3/spoof_hi_0004.wav,Commercial-Clone
data/raw/spoof_hi/synth_hi_3/spoof_hi_0104.wav,Commercial-Clone
data/raw/spoof_hi/synth_hi_3/spoof_hi_0064.wav,Commercial-Clone
data/raw/spoof_hi/synth_hi_3/spoof_hi_0264.wav,Commercial-Clone
data/raw/spoof_hi/synth_hi_3/spoof_hi_0044.wav,Commercial-Clone
data/raw/spoof_hi/synth_hi_3/spoof_hi_0124.wav,Commercial-Clone
data/raw/spoof_hi/synth_hi_3/spoof_hi_0284.wav,Commercial-Clone
data/raw/spoof_hi/synth_hi_3/spoof_hi_0084.wav,Commercial-Clone
data/raw/spoof_hi/synth_hi_3/spoof_hi_0244.wav,Commercial-Clone
data/raw/spoof_hi/synth_hi_3/spoof_hi_0184.wav,Commercial-Clone
data/raw/spoof_hi/synth_hi_3/spoof_hi_0224.wav,Commercial-Clone
data/raw/spoof_hi/synth_hi_3/spoof_hi_0024.wav,Commercial-Clone
data/raw/spoof_hi/synth_hi_3/spoof_hi_0144.wav,Commercial-Clone
data/raw/spoof_hi/synth_hi_2/spoof_hi_0203.wav,Commercial-Clone
data/raw/spoof_hi/synth_hi_2/spoof_hi_0003.wav,Commercial-Clone
data/raw/spoof_hi/synth_hi_2/spoof_hi_0163.wav,Commercial-Clone
data/raw/spoof_hi/synth_hi_2/spoof_hi_0063.wav,Commercial-Clone
data/raw/spoof_hi/synth_hi_2/spoof_hi_0103.wav,Commercial-Clone
data/raw/spoof_hi/synth_hi_2/spoof_hi_0263.wav,Commercial-Clone
data/raw/spoof_hi/synth_hi_2/spoof_hi_0283.wav,Commercial-Clone
data/raw/spoof_hi/synth_hi_2/spoof_hi_0123.wav,Commercial-Clone
data/raw/spoof_hi/synth_hi_2/spoof_hi_0043.wav,Commercial-Clone
data/raw/spoof_hi/synth_hi_2/spoof_hi_0243.wav,Commercial-Clone
data/raw/spoof_hi/synth_hi_2/spoof_hi_0083.wav,Commercial-Clone
data/raw/spoof_hi/synth_hi_2/spoof_hi_0223.wav,Commercial-Clone
data/raw/spoof_hi/synth_hi_2/spoof_hi_0183.wav,Commercial-Clone
data/raw/spoof_hi/synth_hi_2/spoof_hi_0143.wav,Commercial-Clone
data/raw/spoof_hi/synth_hi_2/spoof_hi_0023.wav,Commercial-Clone
data/raw/spoof_hi/synth_hi_5/spoof_hi_0006.wav,Commercial-Clone
data/raw/spoof_hi/synth_hi_5/spoof_hi_0166.wav,Commercial-Clone
data/raw/spoof_hi/synth_hi_5/spoof_hi_0206.wav,Commercial-Clone
data/raw/spoof_hi/synth_hi_5/spoof_hi_0266.wav,Commercial-Clone
data/raw/spoof_hi/synth_hi_5/spoof_hi_0066.wav,Commercial-Clone
data/raw/spoof_hi/synth_hi_5/spoof_hi_0106.wav,Commercial-Clone
data/raw/spoof_hi/synth_hi_5/spoof_hi_0246.wav,Commercial-Clone
data/raw/spoof_hi/synth_hi_5/spoof_hi_0086.wav,Commercial-Clone
data/raw/spoof_hi/synth_hi_5/spoof_hi_0286.wav,Commercial-Clone
data/raw/spoof_hi/synth_hi_5/spoof_hi_0126.wav,Commercial-Clone
data/raw/spoof_hi/synth_hi_5/spoof_hi_0046.wav,Commercial-Clone
data/raw/spoof_hi/synth_hi_5/spoof_hi_0146.wav,Commercial-Clone
data/raw/spoof_hi/synth_hi_5/spoof_hi_0026.wav,Commercial-Clone
data/raw/spoof_hi/synth_hi_5/spoof_hi_0226.wav,Commercial-Clone
data/raw/spoof_hi/synth_hi_5/spoof_hi_0186.wav,Commercial-Clone
data/raw/spoof_hi/synth_hi_19/spoof_hi_0160.wav,Commercial-Clone
data/raw/spoof_hi/synth_hi_19/spoof_hi_0200.wav,Commercial-Clone
data/raw/spoof_hi/synth_hi_19/spoof_hi_0300.wav,Commercial-Clone
data/raw/spoof_hi/synth_hi_19/spoof_hi_0260.wav,Commercial-Clone
data/raw/spoof_hi/synth_hi_19/spoof_hi_0060.wav,Commercial-Clone
data/raw/spoof_hi/synth_hi_19/spoof_hi_0100.wav,Commercial-Clone
data/raw/spoof_hi/synth_hi_19/spoof_hi_0240.wav,Commercial-Clone
data/raw/spoof_hi/synth_hi_19/spoof_hi_0080.wav,Commercial-Clone
data/raw/spoof_hi/synth_hi_19/spoof_hi_0280.wav,Commercial-Clone
data/raw/spoof_hi/synth_hi_19/spoof_hi_0120.wav,Commercial-Clone
data/raw/spoof_hi/synth_hi_19/spoof_hi_0040.wav,Commercial-Clone
data/raw/spoof_hi/synth_hi_19/spoof_hi_0140.wav,Commercial-Clone
data/raw/spoof_hi/synth_hi_19/spoof_hi_0020.wav,Commercial-Clone
data/raw/spoof_hi/synth_hi_19/spoof_hi_0220.wav,Commercial-Clone
data/raw/spoof_hi/synth_hi_19/spoof_hi_0180.wav,Commercial-Clone
data/raw/spoof_hi/synth_hi_10/spoof_hi_0211.wav,Commercial-Clone
data/raw/spoof_hi/synth_hi_10/spoof_hi_0011.wav,Commercial-Clone
data/raw/spoof_hi/synth_hi_10/spoof_hi_0171.wav,Commercial-Clone
data/raw/spoof_hi/synth_hi_10/spoof_hi_0071.wav,Commercial-Clone
data/raw/spoof_hi/synth_hi_10/spoof_hi_0111.wav,Commercial-Clone
data/raw/spoof_hi/synth_hi_10/spoof_hi_0271.wav,Commercial-Clone
data/raw/spoof_hi/synth_hi_10/spoof_hi_0291.wav,Commercial-Clone
data/raw/spoof_hi/synth_hi_10/spoof_hi_0131.wav,Commercial-Clone
data/raw/spoof_hi/synth_hi_10/spoof_hi_0051.wav,Commercial-Clone
data/raw/spoof_hi/synth_hi_10/spoof_hi_0251.wav,Commercial-Clone
data/raw/spoof_hi/synth_hi_10/spoof_hi_0091.wav,Commercial-Clone
data/raw/spoof_hi/synth_hi_10/spoof_hi_0231.wav,Commercial-Clone
data/raw/spoof_hi/synth_hi_10/spoof_hi_0191.wav,Commercial-Clone
data/raw/spoof_hi/synth_hi_10/spoof_hi_0151.wav,Commercial-Clone
data/raw/spoof_hi/synth_hi_10/spoof_hi_0031.wav,Commercial-Clone
data/raw/spoof_hi/synth_hi_17/spoof_hi_0238.wav,Commercial-Clone
data/raw/spoof_hi/synth_hi_17/spoof_hi_0198.wav,Commercial-Clone
data/raw/spoof_hi/synth_hi_17/spoof_hi_0158.wav,Commercial-Clone
data/raw/spoof_hi/synth_hi_17/spoof_hi_0038.wav,Commercial-Clone
data/raw/spoof_hi/synth_hi_17/spoof_hi_0298.wav,Commercial-Clone
data/raw/spoof_hi/synth_hi_17/spoof_hi_0138.wav,Commercial-Clone
data/raw/spoof_hi/synth_hi_17/spoof_hi_0058.wav,Commercial-Clone
data/raw/spoof_hi/synth_hi_17/spoof_hi_0258.wav,Commercial-Clone
data/raw/spoof_hi/synth_hi_17/spoof_hi_0098.wav,Commercial-Clone
data/raw/spoof_hi/synth_hi_17/spoof_hi_0078.wav,Commercial-Clone
data/raw/spoof_hi/synth_hi_17/spoof_hi_0118.wav,Commercial-Clone
data/raw/spoof_hi/synth_hi_17/spoof_hi_0278.wav,Commercial-Clone
data/raw/spoof_hi/synth_hi_17/spoof_hi_0218.wav,Commercial-Clone
data/raw/spoof_hi/synth_hi_17/spoof_hi_0018.wav,Commercial-Clone
data/raw/spoof_hi/synth_hi_17/spoof_hi_0178.wav,Commercial-Clone
data/raw/spoof_hi/synth_hi_16/spoof_hi_0217.wav,Commercial-Clone
data/raw/spoof_hi/synth_hi_16/spoof_hi_0017.wav,Commercial-Clone
data/raw/spoof_hi/synth_hi_16/spoof_hi_0177.wav,Commercial-Clone
data/raw/spoof_hi/synth_hi_16/spoof_hi_0077.wav,Commercial-Clone
data/raw/spoof_hi/synth_hi_16/spoof_hi_0117.wav,Commercial-Clone
data/raw/spoof_hi/synth_hi_16/spoof_hi_0277.wav,Commercial-Clone
data/raw/spoof_hi/synth_hi_16/spoof_hi_0297.wav,Commercial-Clone
data/raw/spoof_hi/synth_hi_16/spoof_hi_0137.wav,Commercial-Clone
data/raw/spoof_hi/synth_hi_16/spoof_hi_0057.wav,Commercial-Clone
data/raw/spoof_hi/synth_hi_16/spoof_hi_0257.wav,Commercial-Clone
data/raw/spoof_hi/synth_hi_16/spoof_hi_0097.wav,Commercial-Clone
data/raw/spoof_hi/synth_hi_16/spoof_hi_0237.wav,Commercial-Clone
data/raw/spoof_hi/synth_hi_16/spoof_hi_0197.wav,Commercial-Clone
data/raw/spoof_hi/synth_hi_16/spoof_hi_0157.wav,Commercial-Clone
data/raw/spoof_hi/synth_hi_16/spoof_hi_0037.wav,Commercial-Clone
data/raw/spoof_hi/synth_hi_11/spoof_hi_0012.wav,Commercial-Clone
data/raw/spoof_hi/synth_hi_11/spoof_hi_0172.wav,Commercial-Clone
data/raw/spoof_hi/synth_hi_11/spoof_hi_0212.wav,Commercial-Clone
data/raw/spoof_hi/synth_hi_11/spoof_hi_0272.wav,Commercial-Clone
data/raw/spoof_hi/synth_hi_11/spoof_hi_0072.wav,Commercial-Clone
data/raw/spoof_hi/synth_hi_11/spoof_hi_0112.wav,Commercial-Clone
data/raw/spoof_hi/synth_hi_11/spoof_hi_0252.wav,Commercial-Clone
data/raw/spoof_hi/synth_hi_11/spoof_hi_0092.wav,Commercial-Clone
data/raw/spoof_hi/synth_hi_11/spoof_hi_0292.wav,Commercial-Clone
data/raw/spoof_hi/synth_hi_11/spoof_hi_0132.wav,Commercial-Clone
data/raw/spoof_hi/synth_hi_11/spoof_hi_0052.wav,Commercial-Clone
data/raw/spoof_hi/synth_hi_11/spoof_hi_0152.wav,Commercial-Clone
data/raw/spoof_hi/synth_hi_11/spoof_hi_0032.wav,Commercial-Clone
data/raw/spoof_hi/synth_hi_11/spoof_hi_0232.wav,Commercial-Clone
data/raw/spoof_hi/synth_hi_11/spoof_hi_0192.wav,Commercial-Clone
data/raw/spoof_hi/synth_hi_18/spoof_hi_0199.wav,Commercial-Clone
data/raw/spoof_hi/synth_hi_18/spoof_hi_0239.wav,Commercial-Clone
data/raw/spoof_hi/synth_hi_18/spoof_hi_0039.wav,Commercial-Clone
data/raw/spoof_hi/synth_hi_18/spoof_hi_0159.wav,Commercial-Clone
data/raw/spoof_hi/synth_hi_18/spoof_hi_0059.wav,Commercial-Clone
data/raw/spoof_hi/synth_hi_18/spoof_hi_0139.wav,Commercial-Clone
data/raw/spoof_hi/synth_hi_18/spoof_hi_0299.wav,Commercial-Clone
data/raw/spoof_hi/synth_hi_18/spoof_hi_0099.wav,Commercial-Clone
data/raw/spoof_hi/synth_hi_18/spoof_hi_0259.wav,Commercial-Clone
data/raw/spoof_hi/synth_hi_18/spoof_hi_0119.wav,Commercial-Clone
data/raw/spoof_hi/synth_hi_18/spoof_hi_0079.wav,Commercial-Clone
data/raw/spoof_hi/synth_hi_18/spoof_hi_0279.wav,Commercial-Clone
data/raw/spoof_hi/synth_hi_18/spoof_hi_0219.wav,Commercial-Clone
data/raw/spoof_hi/synth_hi_18/spoof_hi_0179.wav,Commercial-Clone
data/raw/spoof_hi/synth_hi_18/spoof_hi_0019.wav,Commercial-Clone
data/raw/spoof_hi/synth_hi_0/spoof_hi_0161.wav,Commercial-Clone
data/raw/spoof_hi/synth_hi_0/spoof_hi_0001.wav,Commercial-Clone
data/raw/spoof_hi/synth_hi_0/spoof_hi_0201.wav,Commercial-Clone
data/raw/spoof_hi/synth_hi_0/spoof_hi_0261.wav,Commercial-Clone
data/raw/spoof_hi/synth_hi_0/spoof_hi_0101.wav,Commercial-Clone
data/raw/spoof_hi/synth_hi_0/spoof_hi_0061.wav,Commercial-Clone
data/raw/spoof_hi/synth_hi_0/spoof_hi_0081.wav,Commercial-Clone
data/raw/spoof_hi/synth_hi_0/spoof_hi_0241.wav,Commercial-Clone
data/raw/spoof_hi/synth_hi_0/spoof_hi_0041.wav,Commercial-Clone
data/raw/spoof_hi/synth_hi_0/spoof_hi_0121.wav,Commercial-Clone
data/raw/spoof_hi/synth_hi_0/spoof_hi_0281.wav,Commercial-Clone
data/raw/spoof_hi/synth_hi_0/spoof_hi_0021.wav,Commercial-Clone
data/raw/spoof_hi/synth_hi_0/spoof_hi_0141.wav,Commercial-Clone
data/raw/spoof_hi/synth_hi_0/spoof_hi_0181.wav,Commercial-Clone
data/raw/spoof_hi/synth_hi_0/spoof_hi_0221.wav,Commercial-Clone
data/raw/spoof_hi/synth_hi_7/spoof_hi_0028.wav,Commercial-Clone
data/raw/spoof_hi/synth_hi_7/spoof_hi_0148.wav,Commercial-Clone
data/raw/spoof_hi/synth_hi_7/spoof_hi_0188.wav,Commercial-Clone
data/raw/spoof_hi/synth_hi_7/spoof_hi_0228.wav,Commercial-Clone
data/raw/spoof_hi/synth_hi_7/spoof_hi_0088.wav,Commercial-Clone
data/raw/spoof_hi/synth_hi_7/spoof_hi_0248.wav,Commercial-Clone
data/raw/spoof_hi/synth_hi_7/spoof_hi_0048.wav,Commercial-Clone
data/raw/spoof_hi/synth_hi_7/spoof_hi_0128.wav,Commercial-Clone
data/raw/spoof_hi/synth_hi_7/spoof_hi_0288.wav,Commercial-Clone
data/raw/spoof_hi/synth_hi_7/spoof_hi_0268.wav,Commercial-Clone
data/raw/spoof_hi/synth_hi_7/spoof_hi_0108.wav,Commercial-Clone
data/raw/spoof_hi/synth_hi_7/spoof_hi_0068.wav,Commercial-Clone
data/raw/spoof_hi/synth_hi_7/spoof_hi_0168.wav,Commercial-Clone
data/raw/spoof_hi/synth_hi_7/spoof_hi_0008.wav,Commercial-Clone
data/raw/spoof_hi/synth_hi_7/spoof_hi_0208.wav,Commercial-Clone
data/raw/spoof_hi/synth_hi_9/spoof_hi_0210.wav,Commercial-Clone
data/raw/spoof_hi/synth_hi_9/spoof_hi_0170.wav,Commercial-Clone
data/raw/spoof_hi/synth_hi_9/spoof_hi_0010.wav,Commercial-Clone
data/raw/spoof_hi/synth_hi_9/spoof_hi_0110.wav,Commercial-Clone
data/raw/spoof_hi/synth_hi_9/spoof_hi_0070.wav,Commercial-Clone
data/raw/spoof_hi/synth_hi_9/spoof_hi_0270.wav,Commercial-Clone
data/raw/spoof_hi/synth_hi_9/spoof_hi_0050.wav,Commercial-Clone
data/raw/spoof_hi/synth_hi_9/spoof_hi_0130.wav,Commercial-Clone
data/raw/spoof_hi/synth_hi_9/spoof_hi_0290.wav,Commercial-Clone
data/raw/spoof_hi/synth_hi_9/spoof_hi_0090.wav,Commercial-Clone
data/raw/spoof_hi/synth_hi_9/spoof_hi_0250.wav,Commercial-Clone
data/raw/spoof_hi/synth_hi_9/spoof_hi_0190.wav,Commercial-Clone
data/raw/spoof_hi/synth_hi_9/spoof_hi_0230.wav,Commercial-Clone
data/raw/spoof_hi/synth_hi_9/spoof_hi_0030.wav,Commercial-Clone
data/raw/spoof_hi/synth_hi_9/spoof_hi_0150.wav,Commercial-Clone
data/raw/spoof_hi/synth_hi_8/spoof_hi_0149.wav,Commercial-Clone
data/raw/spoof_hi/synth_hi_8/spoof_hi_0029.wav,Commercial-Clone
data/raw/spoof_hi/synth_hi_8/spoof_hi_0229.wav,Commercial-Clone
data/raw/spoof_hi/synth_hi_8/spoof_hi_0189.wav,Commercial-Clone
data/raw/spoof_hi/synth_hi_8/spoof_hi_0249.wav,Commercial-Clone
data/raw/spoof_hi/synth_hi_8/spoof_hi_0089.wav,Commercial-Clone
data/raw/spoof_hi/synth_hi_8/spoof_hi_0289.wav,Commercial-Clone
data/raw/spoof_hi/synth_hi_8/spoof_hi_0129.wav,Commercial-Clone
data/raw/spoof_hi/synth_hi_8/spoof_hi_0049.wav,Commercial-Clone
data/raw/spoof_hi/synth_hi_8/spoof_hi_0269.wav,Commercial-Clone
data/raw/spoof_hi/synth_hi_8/spoof_hi_0069.wav,Commercial-Clone
data/raw/spoof_hi/synth_hi_8/spoof_hi_0109.wav,Commercial-Clone
data/raw/spoof_hi/synth_hi_8/spoof_hi_0009.wav,Commercial-Clone
data/raw/spoof_hi/synth_hi_8/spoof_hi_0169.wav,Commercial-Clone
data/raw/spoof_hi/synth_hi_8/spoof_hi_0209.wav,Commercial-Clone
data/raw/spoof_hi/synth_hi_6/spoof_hi_0167.wav,Commercial-Clone
data/raw/spoof_hi/synth_hi_6/spoof_hi_0007.wav,Commercial-Clone
data/raw/spoof_hi/synth_hi_6/spoof_hi_0207.wav,Commercial-Clone
data/raw/spoof_hi/synth_hi_6/spoof_hi_0267.wav,Commercial-Clone
data/raw/spoof_hi/synth_hi_6/spoof_hi_0107.wav,Commercial-Clone
data/raw/spoof_hi/synth_hi_6/spoof_hi_0067.wav,Commercial-Clone
data/raw/spoof_hi/synth_hi_6/spoof_hi_0087.wav,Commercial-Clone
data/raw/spoof_hi/synth_hi_6/spoof_hi_0247.wav,Commercial-Clone
data/raw/spoof_hi/synth_hi_6/spoof_hi_0047.wav,Commercial-Clone
data/raw/spoof_hi/synth_hi_6/spoof_hi_0127.wav,Commercial-Clone
data/raw/spoof_hi/synth_hi_6/spoof_hi_0287.wav,Commercial-Clone
data/raw/spoof_hi/synth_hi_6/spoof_hi_0027.wav,Commercial-Clone
data/raw/spoof_hi/synth_hi_6/spoof_hi_0147.wav,Commercial-Clone
data/raw/spoof_hi/synth_hi_6/spoof_hi_0187.wav,Commercial-Clone
data/raw/spoof_hi/synth_hi_6/spoof_hi_0227.wav,Commercial-Clone
data/raw/spoof_hi/synth_hi_1/spoof_hi_0202.wav,Commercial-Clone
data/raw/spoof_hi/synth_hi_1/spoof_hi_0162.wav,Commercial-Clone
data/raw/spoof_hi/synth_hi_1/spoof_hi_0002.wav,Commercial-Clone
data/raw/spoof_hi/synth_hi_1/spoof_hi_0102.wav,Commercial-Clone
data/raw/spoof_hi/synth_hi_1/spoof_hi_0062.wav,Commercial-Clone
data/raw/spoof_hi/synth_hi_1/spoof_hi_0262.wav,Commercial-Clone
data/raw/spoof_hi/synth_hi_1/spoof_hi_0042.wav,Commercial-Clone
data/raw/spoof_hi/synth_hi_1/spoof_hi_0122.wav,Commercial-Clone
data/raw/spoof_hi/synth_hi_1/spoof_hi_0282.wav,Commercial-Clone
data/raw/spoof_hi/synth_hi_1/spoof_hi_0082.wav,Commercial-Clone
data/raw/spoof_hi/synth_hi_1/spoof_hi_0242.wav,Commercial-Clone
data/raw/spoof_hi/synth_hi_1/spoof_hi_0182.wav,Commercial-Clone
data/raw/spoof_hi/synth_hi_1/spoof_hi_0222.wav,Commercial-Clone
data/raw/spoof_hi/synth_hi_1/spoof_hi_0022.wav,Commercial-Clone
data/raw/spoof_hi/synth_hi_1/spoof_hi_0142.wav,Commercial-Clone
data/raw/spoof_hi/synth_hi_14/spoof_hi_0175.wav,Commercial-Clone
data/raw/spoof_hi/synth_hi_14/spoof_hi_0015.wav,Commercial-Clone
data/raw/spoof_hi/synth_hi_14/spoof_hi_0215.wav,Commercial-Clone
data/raw/spoof_hi/synth_hi_14/spoof_hi_0275.wav,Commercial-Clone
data/raw/spoof_hi/synth_hi_14/spoof_hi_0115.wav,Commercial-Clone
data/raw/spoof_hi/synth_hi_14/spoof_hi_0075.wav,Commercial-Clone
data/raw/spoof_hi/synth_hi_14/spoof_hi_0095.wav,Commercial-Clone
data/raw/spoof_hi/synth_hi_14/spoof_hi_0255.wav,Commercial-Clone
data/raw/spoof_hi/synth_hi_14/spoof_hi_0055.wav,Commercial-Clone
data/raw/spoof_hi/synth_hi_14/spoof_hi_0135.wav,Commercial-Clone
data/raw/spoof_hi/synth_hi_14/spoof_hi_0295.wav,Commercial-Clone
data/raw/spoof_hi/synth_hi_14/spoof_hi_0035.wav,Commercial-Clone
data/raw/spoof_hi/synth_hi_14/spoof_hi_0155.wav,Commercial-Clone
data/raw/spoof_hi/synth_hi_14/spoof_hi_0195.wav,Commercial-Clone
data/raw/spoof_hi/synth_hi_14/spoof_hi_0235.wav,Commercial-Clone
data/raw/spoof_hi/synth_hi_13/spoof_hi_0014.wav,Commercial-Clone
data/raw/spoof_hi/synth_hi_13/spoof_hi_0174.wav,Commercial-Clone
data/raw/spoof_hi/synth_hi_13/spoof_hi_0214.wav,Commercial-Clone
data/raw/spoof_hi/synth_hi_13/spoof_hi_0274.wav,Commercial-Clone
data/raw/spoof_hi/synth_hi_13/spoof_hi_0074.wav,Commercial-Clone
data/raw/spoof_hi/synth_hi_13/spoof_hi_0114.wav,Commercial-Clone
data/raw/spoof_hi/synth_hi_13/spoof_hi_0254.wav,Commercial-Clone
data/raw/spoof_hi/synth_hi_13/spoof_hi_0094.wav,Commercial-Clone
data/raw/spoof_hi/synth_hi_13/spoof_hi_0294.wav,Commercial-Clone
data/raw/spoof_hi/synth_hi_13/spoof_hi_0134.wav,Commercial-Clone
data/raw/spoof_hi/synth_hi_13/spoof_hi_0054.wav,Commercial-Clone
data/raw/spoof_hi/synth_hi_13/spoof_hi_0154.wav,Commercial-Clone
data/raw/spoof_hi/synth_hi_13/spoof_hi_0034.wav,Commercial-Clone
data/raw/spoof_hi/synth_hi_13/spoof_hi_0234.wav,Commercial-Clone
data/raw/spoof_hi/synth_hi_13/spoof_hi_0194.wav,Commercial-Clone
data/raw/spoof_hi/synth_hi_12/spoof_hi_0173.wav,Commercial-Clone
data/raw/spoof_hi/synth_hi_12/spoof_hi_0013.wav,Commercial-Clone
data/raw/spoof_hi/synth_hi_12/spoof_hi_0213.wav,Commercial-Clone
data/raw/spoof_hi/synth_hi_12/spoof_hi_0273.wav,Commercial-Clone
data/raw/spoof_hi/synth_hi_12/spoof_hi_0113.wav,Commercial-Clone
data/raw/spoof_hi/synth_hi_12/spoof_hi_0073.wav,Commercial-Clone
data/raw/spoof_hi/synth_hi_12/spoof_hi_0093.wav,Commercial-Clone
data/raw/spoof_hi/synth_hi_12/spoof_hi_0253.wav,Commercial-Clone
data/raw/spoof_hi/synth_hi_12/spoof_hi_0053.wav,Commercial-Clone
data/raw/spoof_hi/synth_hi_12/spoof_hi_0133.wav,Commercial-Clone
data/raw/spoof_hi/synth_hi_12/spoof_hi_0293.wav,Commercial-Clone
data/raw/spoof_hi/synth_hi_12/spoof_hi_0033.wav,Commercial-Clone
data/raw/spoof_hi/synth_hi_12/spoof_hi_0153.wav,Commercial-Clone
data/raw/spoof_hi/synth_hi_12/spoof_hi_0193.wav,Commercial-Clone
data/raw/spoof_hi/synth_hi_12/spoof_hi_0233.wav,Commercial-Clone
data/raw/spoof_hi/synth_hi_15/spoof_hi_0216.wav,Commercial-Clone
data/raw/spoof_hi/synth_hi_15/spoof_hi_0176.wav,Commercial-Clone
data/raw/spoof_hi/synth_hi_15/spoof_hi_0016.wav,Commercial-Clone
data/raw/spoof_hi/synth_hi_15/spoof_hi_0116.wav,Commercial-Clone
data/raw/spoof_hi/synth_hi_15/spoof_hi_0076.wav,Commercial-Clone
data/raw/spoof_hi/synth_hi_15/spoof_hi_0276.wav,Commercial-Clone
data/raw/spoof_hi/synth_hi_15/spoof_hi_0056.wav,Commercial-Clone
data/raw/spoof_hi/synth_hi_15/spoof_hi_0136.wav,Commercial-Clone
data/raw/spoof_hi/synth_hi_15/spoof_hi_0296.wav,Commercial-Clone
data/raw/spoof_hi/synth_hi_15/spoof_hi_0096.wav,Commercial-Clone
data/raw/spoof_hi/synth_hi_15/spoof_hi_0256.wav,Commercial-Clone
data/raw/spoof_hi/synth_hi_15/spoof_hi_0196.wav,Commercial-Clone
data/raw/spoof_hi/synth_hi_15/spoof_hi_0236.wav,Commercial-Clone
data/raw/spoof_hi/synth_hi_15/spoof_hi_0036.wav,Commercial-Clone
data/raw/spoof_hi/synth_hi_15/spoof_hi_0156.wav,Commercial-Clone
data/raw/spoof_ta/synth_ta_19/spoof_ta_0200.wav,Commercial-Clone
data/raw/spoof_ta/synth_ta_19/spoof_ta_0160.wav,Commercial-Clone
data/raw/spoof_ta/synth_ta_19/spoof_ta_0100.wav,Commercial-Clone
data/raw/spoof_ta/synth_ta_19/spoof_ta_0060.wav,Commercial-Clone
data/raw/spoof_ta/synth_ta_19/spoof_ta_0260.wav,Commercial-Clone
data/raw/spoof_ta/synth_ta_19/spoof_ta_0300.wav,Commercial-Clone
data/raw/spoof_ta/synth_ta_19/spoof_ta_0040.wav,Commercial-Clone
data/raw/spoof_ta/synth_ta_19/spoof_ta_0120.wav,Commercial-Clone
data/raw/spoof_ta/synth_ta_19/spoof_ta_0280.wav,Commercial-Clone
data/raw/spoof_ta/synth_ta_19/spoof_ta_0080.wav,Commercial-Clone
data/raw/spoof_ta/synth_ta_19/spoof_ta_0240.wav,Commercial-Clone
data/raw/spoof_ta/synth_ta_19/spoof_ta_0180.wav,Commercial-Clone
data/raw/spoof_ta/synth_ta_19/spoof_ta_0220.wav,Commercial-Clone
data/raw/spoof_ta/synth_ta_19/spoof_ta_0020.wav,Commercial-Clone
data/raw/spoof_ta/synth_ta_19/spoof_ta_0140.wav,Commercial-Clone
data/raw/spoof_ta/synth_ta_17/spoof_ta_0038.wav,Commercial-Clone
data/raw/spoof_ta/synth_ta_17/spoof_ta_0158.wav,Commercial-Clone
data/raw/spoof_ta/synth_ta_17/spoof_ta_0198.wav,Commercial-Clone
data/raw/spoof_ta/synth_ta_17/spoof_ta_0238.wav,Commercial-Clone
data/raw/spoof_ta/synth_ta_17/spoof_ta_0098.wav,Commercial-Clone
data/raw/spoof_ta/synth_ta_17/spoof_ta_0258.wav,Commercial-Clone
data/raw/spoof_ta/synth_ta_17/spoof_ta_0058.wav,Commercial-Clone
data/raw/spoof_ta/synth_ta_17/spoof_ta_0138.wav,Commercial-Clone
data/raw/spoof_ta/synth_ta_17/spoof_ta_0298.wav,Commercial-Clone
data/raw/spoof_ta/synth_ta_17/spoof_ta_0278.wav,Commercial-Clone
data/raw/spoof_ta/synth_ta_17/spoof_ta_0118.wav,Commercial-Clone
data/raw/spoof_ta/synth_ta_17/spoof_ta_0078.wav,Commercial-Clone
data/raw/spoof_ta/synth_ta_17/spoof_ta_0178.wav,Commercial-Clone
data/raw/spoof_ta/synth_ta_17/spoof_ta_0018.wav,Commercial-Clone
data/raw/spoof_ta/synth_ta_17/spoof_ta_0218.wav,Commercial-Clone
data/raw/spoof_ta/synth_ta_10/spoof_ta_0171.wav,Commercial-Clone
data/raw/spoof_ta/synth_ta_10/spoof_ta_0011.wav,Commercial-Clone
data/raw/spoof_ta/synth_ta_10/spoof_ta_0211.wav,Commercial-Clone
data/raw/spoof_ta/synth_ta_10/spoof_ta_0271.wav,Commercial-Clone
data/raw/spoof_ta/synth_ta_10/spoof_ta_0111.wav,Commercial-Clone
data/raw/spoof_ta/synth_ta_10/spoof_ta_0071.wav,Commercial-Clone
data/raw/spoof_ta/synth_ta_10/spoof_ta_0091.wav,Commercial-Clone
data/raw/spoof_ta/synth_ta_10/spoof_ta_0251.wav,Commercial-Clone
data/raw/spoof_ta/synth_ta_10/spoof_ta_0051.wav,Commercial-Clone
data/raw/spoof_ta/synth_ta_10/spoof_ta_0131.wav,Commercial-Clone
data/raw/spoof_ta/synth_ta_10/spoof_ta_0291.wav,Commercial-Clone
data/raw/spoof_ta/synth_ta_10/spoof_ta_0031.wav,Commercial-Clone
data/raw/spoof_ta/synth_ta_10/spoof_ta_0151.wav,Commercial-Clone
data/raw/spoof_ta/synth_ta_10/spoof_ta_0191.wav,Commercial-Clone
data/raw/spoof_ta/synth_ta_10/spoof_ta_0231.wav,Commercial-Clone
data/raw/spoof_ta/synth_ta_11/spoof_ta_0212.wav,Commercial-Clone
data/raw/spoof_ta/synth_ta_11/spoof_ta_0172.wav,Commercial-Clone
data/raw/spoof_ta/synth_ta_11/spoof_ta_0012.wav,Commercial-Clone
data/raw/spoof_ta/synth_ta_11/spoof_ta_0112.wav,Commercial-Clone
data/raw/spoof_ta/synth_ta_11/spoof_ta_0072.wav,Commercial-Clone
data/raw/spoof_ta/synth_ta_11/spoof_ta_0272.wav,Commercial-Clone
data/raw/spoof_ta/synth_ta_11/spoof_ta_0052.wav,Commercial-Clone
data/raw/spoof_ta/synth_ta_11/spoof_ta_0132.wav,Commercial-Clone
data/raw/spoof_ta/synth_ta_11/spoof_ta_0292.wav,Commercial-Clone
data/raw/spoof_ta/synth_ta_11/spoof_ta_0092.wav,Commercial-Clone
data/raw/spoof_ta/synth_ta_11/spoof_ta_0252.wav,Commercial-Clone
data/raw/spoof_ta/synth_ta_11/spoof_ta_0192.wav,Commercial-Clone
data/raw/spoof_ta/synth_ta_11/spoof_ta_0232.wav,Commercial-Clone
data/raw/spoof_ta/synth_ta_11/spoof_ta_0032.wav,Commercial-Clone
data/raw/spoof_ta/synth_ta_11/spoof_ta_0152.wav,Commercial-Clone
data/raw/spoof_ta/synth_ta_16/spoof_ta_0177.wav,Commercial-Clone
data/raw/spoof_ta/synth_ta_16/spoof_ta_0017.wav,Commercial-Clone
data/raw/spoof_ta/synth_ta_16/spoof_ta_0217.wav,Commercial-Clone
data/raw/spoof_ta/synth_ta_16/spoof_ta_0277.wav,Commercial-Clone
data/raw/spoof_ta/synth_ta_16/spoof_ta_0117.wav,Commercial-Clone
data/raw/spoof_ta/synth_ta_16/spoof_ta_0077.wav,Commercial-Clone
data/raw/spoof_ta/synth_ta_16/spoof_ta_0097.wav,Commercial-Clone
data/raw/spoof_ta/synth_ta_16/spoof_ta_0257.wav,Commercial-Clone
data/raw/spoof_ta/synth_ta_16/spoof_ta_0057.wav,Commercial-Clone
data/raw/spoof_ta/synth_ta_16/spoof_ta_0137.wav,Commercial-Clone
data/raw/spoof_ta/synth_ta_16/spoof_ta_0297.wav,Commercial-Clone
data/raw/spoof_ta/synth_ta_16/spoof_ta_0037.wav,Commercial-Clone
data/raw/spoof_ta/synth_ta_16/spoof_ta_0157.wav,Commercial-Clone
data/raw/spoof_ta/synth_ta_16/spoof_ta_0197.wav,Commercial-Clone
data/raw/spoof_ta/synth_ta_16/spoof_ta_0237.wav,Commercial-Clone
data/raw/spoof_ta/synth_ta_18/spoof_ta_0159.wav,Commercial-Clone
data/raw/spoof_ta/synth_ta_18/spoof_ta_0039.wav,Commercial-Clone
data/raw/spoof_ta/synth_ta_18/spoof_ta_0239.wav,Commercial-Clone
data/raw/spoof_ta/synth_ta_18/spoof_ta_0199.wav,Commercial-Clone
data/raw/spoof_ta/synth_ta_18/spoof_ta_0259.wav,Commercial-Clone
data/raw/spoof_ta/synth_ta_18/spoof_ta_0099.wav,Commercial-Clone
data/raw/spoof_ta/synth_ta_18/spoof_ta_0299.wav,Commercial-Clone
data/raw/spoof_ta/synth_ta_18/spoof_ta_0139.wav,Commercial-Clone
data/raw/spoof_ta/synth_ta_18/spoof_ta_0059.wav,Commercial-Clone
data/raw/spoof_ta/synth_ta_18/spoof_ta_0279.wav,Commercial-Clone
data/raw/spoof_ta/synth_ta_18/spoof_ta_0079.wav,Commercial-Clone
data/raw/spoof_ta/synth_ta_18/spoof_ta_0119.wav,Commercial-Clone
data/raw/spoof_ta/synth_ta_18/spoof_ta_0019.wav,Commercial-Clone
data/raw/spoof_ta/synth_ta_18/spoof_ta_0179.wav,Commercial-Clone
data/raw/spoof_ta/synth_ta_18/spoof_ta_0219.wav,Commercial-Clone
data/raw/spoof_ta/synth_ta_6/spoof_ta_0207.wav,Commercial-Clone
data/raw/spoof_ta/synth_ta_6/spoof_ta_0007.wav,Commercial-Clone
data/raw/spoof_ta/synth_ta_6/spoof_ta_0167.wav,Commercial-Clone
data/raw/spoof_ta/synth_ta_6/spoof_ta_0067.wav,Commercial-Clone
data/raw/spoof_ta/synth_ta_6/spoof_ta_0107.wav,Commercial-Clone
data/raw/spoof_ta/synth_ta_6/spoof_ta_0267.wav,Commercial-Clone
data/raw/spoof_ta/synth_ta_6/spoof_ta_0287.wav,Commercial-Clone
data/raw/spoof_ta/synth_ta_6/spoof_ta_0127.wav,Commercial-Clone
data/raw/spoof_ta/synth_ta_6/spoof_ta_0047.wav,Commercial-Clone
data/raw/spoof_ta/synth_ta_6/spoof_ta_0247.wav,Commercial-Clone
data/raw/spoof_ta/synth_ta_6/spoof_ta_0087.wav,Commercial-Clone
data/raw/spoof_ta/synth_ta_6/spoof_ta_0227.wav,Commercial-Clone
data/raw/spoof_ta/synth_ta_6/spoof_ta_0187.wav,Commercial-Clone
data/raw/spoof_ta/synth_ta_6/spoof_ta_0147.wav,Commercial-Clone
data/raw/spoof_ta/synth_ta_6/spoof_ta_0027.wav,Commercial-Clone
data/raw/spoof_ta/synth_ta_1/spoof_ta_0002.wav,Commercial-Clone
data/raw/spoof_ta/synth_ta_1/spoof_ta_0162.wav,Commercial-Clone
data/raw/spoof_ta/synth_ta_1/spoof_ta_0202.wav,Commercial-Clone
data/raw/spoof_ta/synth_ta_1/spoof_ta_0262.wav,Commercial-Clone
data/raw/spoof_ta/synth_ta_1/spoof_ta_0062.wav,Commercial-Clone
data/raw/spoof_ta/synth_ta_1/spoof_ta_0102.wav,Commercial-Clone
data/raw/spoof_ta/synth_ta_1/spoof_ta_0242.wav,Commercial-Clone
data/raw/spoof_ta/synth_ta_1/spoof_ta_0082.wav,Commercial-Clone
data/raw/spoof_ta/synth_ta_1/spoof_ta_0282.wav,Commercial-Clone
data/raw/spoof_ta/synth_ta_1/spoof_ta_0122.wav,Commercial-Clone
data/raw/spoof_ta/synth_ta_1/spoof_ta_0042.wav,Commercial-Clone
data/raw/spoof_ta/synth_ta_1/spoof_ta_0142.wav,Commercial-Clone
data/raw/spoof_ta/synth_ta_1/spoof_ta_0022.wav,Commercial-Clone
data/raw/spoof_ta/synth_ta_1/spoof_ta_0222.wav,Commercial-Clone
data/raw/spoof_ta/synth_ta_1/spoof_ta_0182.wav,Commercial-Clone
data/raw/spoof_ta/synth_ta_8/spoof_ta_0189.wav,Commercial-Clone
data/raw/spoof_ta/synth_ta_8/spoof_ta_0229.wav,Commercial-Clone
data/raw/spoof_ta/synth_ta_8/spoof_ta_0029.wav,Commercial-Clone
data/raw/spoof_ta/synth_ta_8/spoof_ta_0149.wav,Commercial-Clone
data/raw/spoof_ta/synth_ta_8/spoof_ta_0049.wav,Commercial-Clone
data/raw/spoof_ta/synth_ta_8/spoof_ta_0129.wav,Commercial-Clone
data/raw/spoof_ta/synth_ta_8/spoof_ta_0289.wav,Commercial-Clone
data/raw/spoof_ta/synth_ta_8/spoof_ta_0089.wav,Commercial-Clone
data/raw/spoof_ta/synth_ta_8/spoof_ta_0249.wav,Commercial-Clone
data/raw/spoof_ta/synth_ta_8/spoof_ta_0109.wav,Commercial-Clone
data/raw/spoof_ta/synth_ta_8/spoof_ta_0069.wav,Commercial-Clone
data/raw/spoof_ta/synth_ta_8/spoof_ta_0269.wav,Commercial-Clone
data/raw/spoof_ta/synth_ta_8/spoof_ta_0209.wav,Commercial-Clone
data/raw/spoof_ta/synth_ta_8/spoof_ta_0169.wav,Commercial-Clone
data/raw/spoof_ta/synth_ta_8/spoof_ta_0009.wav,Commercial-Clone
data/raw/spoof_ta/synth_ta_9/spoof_ta_0010.wav,Commercial-Clone
data/raw/spoof_ta/synth_ta_9/spoof_ta_0170.wav,Commercial-Clone
data/raw/spoof_ta/synth_ta_9/spoof_ta_0210.wav,Commercial-Clone
data/raw/spoof_ta/synth_ta_9/spoof_ta_0270.wav,Commercial-Clone
data/raw/spoof_ta/synth_ta_9/spoof_ta_0070.wav,Commercial-Clone
data/raw/spoof_ta/synth_ta_9/spoof_ta_0110.wav,Commercial-Clone
data/raw/spoof_ta/synth_ta_9/spoof_ta_0250.wav,Commercial-Clone
data/raw/spoof_ta/synth_ta_9/spoof_ta_0090.wav,Commercial-Clone
data/raw/spoof_ta/synth_ta_9/spoof_ta_0290.wav,Commercial-Clone
data/raw/spoof_ta/synth_ta_9/spoof_ta_0130.wav,Commercial-Clone
data/raw/spoof_ta/synth_ta_9/spoof_ta_0050.wav,Commercial-Clone
data/raw/spoof_ta/synth_ta_9/spoof_ta_0150.wav,Commercial-Clone
data/raw/spoof_ta/synth_ta_9/spoof_ta_0030.wav,Commercial-Clone
data/raw/spoof_ta/synth_ta_9/spoof_ta_0230.wav,Commercial-Clone
data/raw/spoof_ta/synth_ta_9/spoof_ta_0190.wav,Commercial-Clone
data/raw/spoof_ta/synth_ta_0/spoof_ta_0201.wav,Commercial-Clone
data/raw/spoof_ta/synth_ta_0/spoof_ta_0001.wav,Commercial-Clone
data/raw/spoof_ta/synth_ta_0/spoof_ta_0161.wav,Commercial-Clone
data/raw/spoof_ta/synth_ta_0/spoof_ta_0061.wav,Commercial-Clone
data/raw/spoof_ta/synth_ta_0/spoof_ta_0101.wav,Commercial-Clone
data/raw/spoof_ta/synth_ta_0/spoof_ta_0261.wav,Commercial-Clone
data/raw/spoof_ta/synth_ta_0/spoof_ta_0281.wav,Commercial-Clone
data/raw/spoof_ta/synth_ta_0/spoof_ta_0121.wav,Commercial-Clone
data/raw/spoof_ta/synth_ta_0/spoof_ta_0041.wav,Commercial-Clone
data/raw/spoof_ta/synth_ta_0/spoof_ta_0241.wav,Commercial-Clone
data/raw/spoof_ta/synth_ta_0/spoof_ta_0081.wav,Commercial-Clone
data/raw/spoof_ta/synth_ta_0/spoof_ta_0221.wav,Commercial-Clone
data/raw/spoof_ta/synth_ta_0/spoof_ta_0181.wav,Commercial-Clone
data/raw/spoof_ta/synth_ta_0/spoof_ta_0141.wav,Commercial-Clone
data/raw/spoof_ta/synth_ta_0/spoof_ta_0021.wav,Commercial-Clone
data/raw/spoof_ta/synth_ta_7/spoof_ta_0228.wav,Commercial-Clone
data/raw/spoof_ta/synth_ta_7/spoof_ta_0188.wav,Commercial-Clone
data/raw/spoof_ta/synth_ta_7/spoof_ta_0148.wav,Commercial-Clone
data/raw/spoof_ta/synth_ta_7/spoof_ta_0028.wav,Commercial-Clone
data/raw/spoof_ta/synth_ta_7/spoof_ta_0288.wav,Commercial-Clone
data/raw/spoof_ta/synth_ta_7/spoof_ta_0128.wav,Commercial-Clone
data/raw/spoof_ta/synth_ta_7/spoof_ta_0048.wav,Commercial-Clone
data/raw/spoof_ta/synth_ta_7/spoof_ta_0248.wav,Commercial-Clone
data/raw/spoof_ta/synth_ta_7/spoof_ta_0088.wav,Commercial-Clone
data/raw/spoof_ta/synth_ta_7/spoof_ta_0068.wav,Commercial-Clone
data/raw/spoof_ta/synth_ta_7/spoof_ta_0108.wav,Commercial-Clone
data/raw/spoof_ta/synth_ta_7/spoof_ta_0268.wav,Commercial-Clone
data/raw/spoof_ta/synth_ta_7/spoof_ta_0208.wav,Commercial-Clone
data/raw/spoof_ta/synth_ta_7/spoof_ta_0008.wav,Commercial-Clone
data/raw/spoof_ta/synth_ta_7/spoof_ta_0168.wav,Commercial-Clone
data/raw/spoof_ta/synth_ta_13/spoof_ta_0214.wav,Commercial-Clone
data/raw/spoof_ta/synth_ta_13/spoof_ta_0174.wav,Commercial-Clone
data/raw/spoof_ta/synth_ta_13/spoof_ta_0014.wav,Commercial-Clone
data/raw/spoof_ta/synth_ta_13/spoof_ta_0114.wav,Commercial-Clone
data/raw/spoof_ta/synth_ta_13/spoof_ta_0074.wav,Commercial-Clone
data/raw/spoof_ta/synth_ta_13/spoof_ta_0274.wav,Commercial-Clone
data/raw/spoof_ta/synth_ta_13/spoof_ta_0054.wav,Commercial-Clone
data/raw/spoof_ta/synth_ta_13/spoof_ta_0134.wav,Commercial-Clone
data/raw/spoof_ta/synth_ta_13/spoof_ta_0294.wav,Commercial-Clone
data/raw/spoof_ta/synth_ta_13/spoof_ta_0094.wav,Commercial-Clone
data/raw/spoof_ta/synth_ta_13/spoof_ta_0254.wav,Commercial-Clone
data/raw/spoof_ta/synth_ta_13/spoof_ta_0194.wav,Commercial-Clone
data/raw/spoof_ta/synth_ta_13/spoof_ta_0234.wav,Commercial-Clone
data/raw/spoof_ta/synth_ta_13/spoof_ta_0034.wav,Commercial-Clone
data/raw/spoof_ta/synth_ta_13/spoof_ta_0154.wav,Commercial-Clone
data/raw/spoof_ta/synth_ta_14/spoof_ta_0215.wav,Commercial-Clone
data/raw/spoof_ta/synth_ta_14/spoof_ta_0015.wav,Commercial-Clone
data/raw/spoof_ta/synth_ta_14/spoof_ta_0175.wav,Commercial-Clone
data/raw/spoof_ta/synth_ta_14/spoof_ta_0075.wav,Commercial-Clone
data/raw/spoof_ta/synth_ta_14/spoof_ta_0115.wav,Commercial-Clone
data/raw/spoof_ta/synth_ta_14/spoof_ta_0275.wav,Commercial-Clone
data/raw/spoof_ta/synth_ta_14/spoof_ta_0295.wav,Commercial-Clone
data/raw/spoof_ta/synth_ta_14/spoof_ta_0135.wav,Commercial-Clone
data/raw/spoof_ta/synth_ta_14/spoof_ta_0055.wav,Commercial-Clone
data/raw/spoof_ta/synth_ta_14/spoof_ta_0255.wav,Commercial-Clone
data/raw/spoof_ta/synth_ta_14/spoof_ta_0095.wav,Commercial-Clone
data/raw/spoof_ta/synth_ta_14/spoof_ta_0235.wav,Commercial-Clone
data/raw/spoof_ta/synth_ta_14/spoof_ta_0195.wav,Commercial-Clone
data/raw/spoof_ta/synth_ta_14/spoof_ta_0155.wav,Commercial-Clone
data/raw/spoof_ta/synth_ta_14/spoof_ta_0035.wav,Commercial-Clone
data/raw/spoof_ta/synth_ta_15/spoof_ta_0016.wav,Commercial-Clone
data/raw/spoof_ta/synth_ta_15/spoof_ta_0176.wav,Commercial-Clone
data/raw/spoof_ta/synth_ta_15/spoof_ta_0216.wav,Commercial-Clone
data/raw/spoof_ta/synth_ta_15/spoof_ta_0276.wav,Commercial-Clone
data/raw/spoof_ta/synth_ta_15/spoof_ta_0076.wav,Commercial-Clone
data/raw/spoof_ta/synth_ta_15/spoof_ta_0116.wav,Commercial-Clone
data/raw/spoof_ta/synth_ta_15/spoof_ta_0256.wav,Commercial-Clone
data/raw/spoof_ta/synth_ta_15/spoof_ta_0096.wav,Commercial-Clone
data/raw/spoof_ta/synth_ta_15/spoof_ta_0296.wav,Commercial-Clone
data/raw/spoof_ta/synth_ta_15/spoof_ta_0136.wav,Commercial-Clone
data/raw/spoof_ta/synth_ta_15/spoof_ta_0056.wav,Commercial-Clone
data/raw/spoof_ta/synth_ta_15/spoof_ta_0156.wav,Commercial-Clone
data/raw/spoof_ta/synth_ta_15/spoof_ta_0036.wav,Commercial-Clone
data/raw/spoof_ta/synth_ta_15/spoof_ta_0236.wav,Commercial-Clone
data/raw/spoof_ta/synth_ta_15/spoof_ta_0196.wav,Commercial-Clone
data/raw/spoof_ta/synth_ta_12/spoof_ta_0213.wav,Commercial-Clone
data/raw/spoof_ta/synth_ta_12/spoof_ta_0013.wav,Commercial-Clone
data/raw/spoof_ta/synth_ta_12/spoof_ta_0173.wav,Commercial-Clone
data/raw/spoof_ta/synth_ta_12/spoof_ta_0073.wav,Commercial-Clone
data/raw/spoof_ta/synth_ta_12/spoof_ta_0113.wav,Commercial-Clone
data/raw/spoof_ta/synth_ta_12/spoof_ta_0273.wav,Commercial-Clone
data/raw/spoof_ta/synth_ta_12/spoof_ta_0293.wav,Commercial-Clone
data/raw/spoof_ta/synth_ta_12/spoof_ta_0133.wav,Commercial-Clone
data/raw/spoof_ta/synth_ta_12/spoof_ta_0053.wav,Commercial-Clone
data/raw/spoof_ta/synth_ta_12/spoof_ta_0253.wav,Commercial-Clone
data/raw/spoof_ta/synth_ta_12/spoof_ta_0093.wav,Commercial-Clone
data/raw/spoof_ta/synth_ta_12/spoof_ta_0233.wav,Commercial-Clone
data/raw/spoof_ta/synth_ta_12/spoof_ta_0193.wav,Commercial-Clone
data/raw/spoof_ta/synth_ta_12/spoof_ta_0153.wav,Commercial-Clone
data/raw/spoof_ta/synth_ta_12/spoof_ta_0033.wav,Commercial-Clone
data/raw/spoof_ta/synth_ta_2/spoof_ta_0163.wav,Commercial-Clone
data/raw/spoof_ta/synth_ta_2/spoof_ta_0003.wav,Commercial-Clone
data/raw/spoof_ta/synth_ta_2/spoof_ta_0203.wav,Commercial-Clone
data/raw/spoof_ta/synth_ta_2/spoof_ta_0263.wav,Commercial-Clone
data/raw/spoof_ta/synth_ta_2/spoof_ta_0103.wav,Commercial-Clone
data/raw/spoof_ta/synth_ta_2/spoof_ta_0063.wav,Commercial-Clone
data/raw/spoof_ta/synth_ta_2/spoof_ta_0083.wav,Commercial-Clone
data/raw/spoof_ta/synth_ta_2/spoof_ta_0243.wav,Commercial-Clone
data/raw/spoof_ta/synth_ta_2/spoof_ta_0043.wav,Commercial-Clone
data/raw/spoof_ta/synth_ta_2/spoof_ta_0123.wav,Commercial-Clone
data/raw/spoof_ta/synth_ta_2/spoof_ta_0283.wav,Commercial-Clone
data/raw/spoof_ta/synth_ta_2/spoof_ta_0023.wav,Commercial-Clone
data/raw/spoof_ta/synth_ta_2/spoof_ta_0143.wav,Commercial-Clone
data/raw/spoof_ta/synth_ta_2/spoof_ta_0183.wav,Commercial-Clone
data/raw/spoof_ta/synth_ta_2/spoof_ta_0223.wav,Commercial-Clone
data/raw/spoof_ta/synth_ta_5/spoof_ta_0206.wav,Commercial-Clone
data/raw/spoof_ta/synth_ta_5/spoof_ta_0166.wav,Commercial-Clone
data/raw/spoof_ta/synth_ta_5/spoof_ta_0006.wav,Commercial-Clone
data/raw/spoof_ta/synth_ta_5/spoof_ta_0106.wav,Commercial-Clone
data/raw/spoof_ta/synth_ta_5/spoof_ta_0066.wav,Commercial-Clone
data/raw/spoof_ta/synth_ta_5/spoof_ta_0266.wav,Commercial-Clone
data/raw/spoof_ta/synth_ta_5/spoof_ta_0046.wav,Commercial-Clone
data/raw/spoof_ta/synth_ta_5/spoof_ta_0126.wav,Commercial-Clone
data/raw/spoof_ta/synth_ta_5/spoof_ta_0286.wav,Commercial-Clone
data/raw/spoof_ta/synth_ta_5/spoof_ta_0086.wav,Commercial-Clone
data/raw/spoof_ta/synth_ta_5/spoof_ta_0246.wav,Commercial-Clone
data/raw/spoof_ta/synth_ta_5/spoof_ta_0186.wav,Commercial-Clone
data/raw/spoof_ta/synth_ta_5/spoof_ta_0226.wav,Commercial-Clone
data/raw/spoof_ta/synth_ta_5/spoof_ta_0026.wav,Commercial-Clone
data/raw/spoof_ta/synth_ta_5/spoof_ta_0146.wav,Commercial-Clone
data/raw/spoof_ta/synth_ta_4/spoof_ta_0165.wav,Commercial-Clone
data/raw/spoof_ta/synth_ta_4/spoof_ta_0005.wav,Commercial-Clone
data/raw/spoof_ta/synth_ta_4/spoof_ta_0205.wav,Commercial-Clone
data/raw/spoof_ta/synth_ta_4/spoof_ta_0265.wav,Commercial-Clone
data/raw/spoof_ta/synth_ta_4/spoof_ta_0105.wav,Commercial-Clone
data/raw/spoof_ta/synth_ta_4/spoof_ta_0065.wav,Commercial-Clone
data/raw/spoof_ta/synth_ta_4/spoof_ta_0085.wav,Commercial-Clone
data/raw/spoof_ta/synth_ta_4/spoof_ta_0245.wav,Commercial-Clone
data/raw/spoof_ta/synth_ta_4/spoof_ta_0045.wav,Commercial-Clone
data/raw/spoof_ta/synth_ta_4/spoof_ta_0125.wav,Commercial-Clone
data/raw/spoof_ta/synth_ta_4/spoof_ta_0285.wav,Commercial-Clone
data/raw/spoof_ta/synth_ta_4/spoof_ta_0025.wav,Commercial-Clone
data/raw/spoof_ta/synth_ta_4/spoof_ta_0145.wav,Commercial-Clone
data/raw/spoof_ta/synth_ta_4/spoof_ta_0185.wav,Commercial-Clone
data/raw/spoof_ta/synth_ta_4/spoof_ta_0225.wav,Commercial-Clone
data/raw/spoof_ta/synth_ta_3/spoof_ta_0004.wav,Commercial-Clone
data/raw/spoof_ta/synth_ta_3/spoof_ta_0164.wav,Commercial-Clone
data/raw/spoof_ta/synth_ta_3/spoof_ta_0204.wav,Commercial-Clone
data/raw/spoof_ta/synth_ta_3/spoof_ta_0264.wav,Commercial-Clone
data/raw/spoof_ta/synth_ta_3/spoof_ta_0064.wav,Commercial-Clone
data/raw/spoof_ta/synth_ta_3/spoof_ta_0104.wav,Commercial-Clone
data/raw/spoof_ta/synth_ta_3/spoof_ta_0244.wav,Commercial-Clone
data/raw/spoof_ta/synth_ta_3/spoof_ta_0084.wav,Commercial-Clone
data/raw/spoof_ta/synth_ta_3/spoof_ta_0284.wav,Commercial-Clone
data/raw/spoof_ta/synth_ta_3/spoof_ta_0124.wav,Commercial-Clone
data/raw/spoof_ta/synth_ta_3/spoof_ta_0044.wav,Commercial-Clone
data/raw/spoof_ta/synth_ta_3/spoof_ta_0144.wav,Commercial-Clone
data/raw/spoof_ta/synth_ta_3/spoof_ta_0024.wav,Commercial-Clone
data/raw/spoof_ta/synth_ta_3/spoof_ta_0224.wav,Commercial-Clone
data/raw/spoof_ta/synth_ta_3/spoof_ta_0184.wav,Commercial-Clone
data/raw/spoof_en/indic_synth_en_8/spoof_en_0114.wav,Commercial-Clone
data/raw/spoof_en/indic_synth_en_8/spoof_en_0129.wav,Commercial-Clone
data/raw/spoof_en/indic_synth_en_8/spoof_en_0099.wav,Commercial-Clone
data/raw/spoof_en/indic_synth_en_8/spoof_en_0039.wav,Commercial-Clone
data/raw/spoof_en/indic_synth_en_8/spoof_en_0009.wav,Commercial-Clone
data/raw/spoof_en/indic_synth_en_8/spoof_en_0024.wav,Commercial-Clone
data/raw/spoof_en/indic_synth_en_8/spoof_en_0144.wav,Commercial-Clone
data/raw/spoof_en/indic_synth_en_8/spoof_en_0069.wav,Commercial-Clone
data/raw/spoof_en/indic_synth_en_8/spoof_en_0054.wav,Commercial-Clone
data/raw/spoof_en/indic_synth_en_8/spoof_en_0084.wav,Commercial-Clone
data/raw/spoof_en/indic_synth_en_6/spoof_en_0112.wav,Commercial-Clone
data/raw/spoof_en/indic_synth_en_6/spoof_en_0067.wav,Commercial-Clone
data/raw/spoof_en/indic_synth_en_6/spoof_en_0007.wav,Commercial-Clone
data/raw/spoof_en/indic_synth_en_6/spoof_en_0022.wav,Commercial-Clone
data/raw/spoof_en/indic_synth_en_6/spoof_en_0142.wav,Commercial-Clone
data/raw/spoof_en/indic_synth_en_6/spoof_en_0037.wav,Commercial-Clone
data/raw/spoof_en/indic_synth_en_6/spoof_en_0082.wav,Commercial-Clone
data/raw/spoof_en/indic_synth_en_6/spoof_en_0097.wav,Commercial-Clone
data/raw/spoof_en/indic_synth_en_6/spoof_en_0127.wav,Commercial-Clone
data/raw/spoof_en/indic_synth_en_6/spoof_en_0052.wav,Commercial-Clone
data/raw/spoof_en/indic_synth_en_1/spoof_en_0077.wav,Commercial-Clone
data/raw/spoof_en/indic_synth_en_1/spoof_en_0062.wav,Commercial-Clone
data/raw/spoof_en/indic_synth_en_1/spoof_en_0107.wav,Commercial-Clone
data/raw/spoof_en/indic_synth_en_1/spoof_en_0017.wav,Commercial-Clone
data/raw/spoof_en/indic_synth_en_1/spoof_en_0002.wav,Commercial-Clone
data/raw/spoof_en/indic_synth_en_1/spoof_en_0032.wav,Commercial-Clone
data/raw/spoof_en/indic_synth_en_1/spoof_en_0122.wav,Commercial-Clone
data/raw/spoof_en/indic_synth_en_1/spoof_en_0137.wav,Commercial-Clone
data/raw/spoof_en/indic_synth_en_1/spoof_en_0047.wav,Commercial-Clone
data/raw/spoof_en/indic_synth_en_1/spoof_en_0092.wav,Commercial-Clone
data/raw/spoof_en/indic_synth_en_0/spoof_en_0061.wav,Commercial-Clone
data/raw/spoof_en/indic_synth_en_0/spoof_en_0076.wav,Commercial-Clone
data/raw/spoof_en/indic_synth_en_0/spoof_en_0106.wav,Commercial-Clone
data/raw/spoof_en/indic_synth_en_0/spoof_en_0016.wav,Commercial-Clone
data/raw/spoof_en/indic_synth_en_0/spoof_en_0001.wav,Commercial-Clone
data/raw/spoof_en/indic_synth_en_0/spoof_en_0031.wav,Commercial-Clone
data/raw/spoof_en/indic_synth_en_0/spoof_en_0121.wav,Commercial-Clone
data/raw/spoof_en/indic_synth_en_0/spoof_en_0136.wav,Commercial-Clone
data/raw/spoof_en/indic_synth_en_0/spoof_en_0091.wav,Commercial-Clone
data/raw/spoof_en/indic_synth_en_0/spoof_en_0046.wav,Commercial-Clone
data/raw/spoof_en/indic_synth_en_7/spoof_en_0128.wav,Commercial-Clone
data/raw/spoof_en/indic_synth_en_7/spoof_en_0113.wav,Commercial-Clone
data/raw/spoof_en/indic_synth_en_7/spoof_en_0098.wav,Commercial-Clone
data/raw/spoof_en/indic_synth_en_7/spoof_en_0038.wav,Commercial-Clone
data/raw/spoof_en/indic_synth_en_7/spoof_en_0143.wav,Commercial-Clone
data/raw/spoof_en/indic_synth_en_7/spoof_en_0023.wav,Commercial-Clone
data/raw/spoof_en/indic_synth_en_7/spoof_en_0008.wav,Commercial-Clone
data/raw/spoof_en/indic_synth_en_7/spoof_en_0083.wav,Commercial-Clone
data/raw/spoof_en/indic_synth_en_7/spoof_en_0068.wav,Commercial-Clone
data/raw/spoof_en/indic_synth_en_7/spoof_en_0053.wav,Commercial-Clone
data/raw/spoof_en/indic_synth_en_9/spoof_en_0100.wav,Commercial-Clone
data/raw/spoof_en/indic_synth_en_9/spoof_en_0115.wav,Commercial-Clone
data/raw/spoof_en/indic_synth_en_9/spoof_en_0070.wav,Commercial-Clone
data/raw/spoof_en/indic_synth_en_9/spoof_en_0010.wav,Commercial-Clone
data/raw/spoof_en/indic_synth_en_9/spoof_en_0145.wav,Commercial-Clone
data/raw/spoof_en/indic_synth_en_9/spoof_en_0025.wav,Commercial-Clone
data/raw/spoof_en/indic_synth_en_9/spoof_en_0055.wav,Commercial-Clone
data/raw/spoof_en/indic_synth_en_9/spoof_en_0040.wav,Commercial-Clone
data/raw/spoof_en/indic_synth_en_9/spoof_en_0085.wav,Commercial-Clone
data/raw/spoof_en/indic_synth_en_9/spoof_en_0130.wav,Commercial-Clone
data/raw/spoof_en/west_synth_4/spoof_en_0275.wav,Commercial-Clone
data/raw/spoof_en/west_synth_4/spoof_en_0260.wav,Commercial-Clone
data/raw/spoof_en/west_synth_4/spoof_en_0215.wav,Commercial-Clone
data/raw/spoof_en/west_synth_4/spoof_en_0200.wav,Commercial-Clone
data/raw/spoof_en/west_synth_4/spoof_en_0170.wav,Commercial-Clone
data/raw/spoof_en/west_synth_4/spoof_en_0155.wav,Commercial-Clone
data/raw/spoof_en/west_synth_4/spoof_en_0185.wav,Commercial-Clone
data/raw/spoof_en/west_synth_4/spoof_en_0230.wav,Commercial-Clone
data/raw/spoof_en/west_synth_4/spoof_en_0245.wav,Commercial-Clone
data/raw/spoof_en/west_synth_4/spoof_en_0290.wav,Commercial-Clone
data/raw/spoof_en/west_synth_3/spoof_en_0289.wav,Commercial-Clone
data/raw/spoof_en/west_synth_3/spoof_en_0274.wav,Commercial-Clone
data/raw/spoof_en/west_synth_3/spoof_en_0259.wav,Commercial-Clone
data/raw/spoof_en/west_synth_3/spoof_en_0229.wav,Commercial-Clone
data/raw/spoof_en/west_synth_3/spoof_en_0214.wav,Commercial-Clone
data/raw/spoof_en/west_synth_3/spoof_en_0199.wav,Commercial-Clone
data/raw/spoof_en/west_synth_3/spoof_en_0169.wav,Commercial-Clone
data/raw/spoof_en/west_synth_3/spoof_en_0154.wav,Commercial-Clone
data/raw/spoof_en/west_synth_3/spoof_en_0184.wav,Commercial-Clone
data/raw/spoof_en/west_synth_3/spoof_en_0244.wav,Commercial-Clone
data/raw/spoof_en/west_synth_10/spoof_en_0266.wav,Commercial-Clone
data/raw/spoof_en/west_synth_10/spoof_en_0176.wav,Commercial-Clone
data/raw/spoof_en/west_synth_10/spoof_en_0161.wav,Commercial-Clone
data/raw/spoof_en/west_synth_10/spoof_en_0206.wav,Commercial-Clone
data/raw/spoof_en/west_synth_10/spoof_en_0221.wav,Commercial-Clone
data/raw/spoof_en/west_synth_10/spoof_en_0236.wav,Commercial-Clone
data/raw/spoof_en/west_synth_10/spoof_en_0191.wav,Commercial-Clone
data/raw/spoof_en/west_synth_10/spoof_en_0281.wav,Commercial-Clone
data/raw/spoof_en/west_synth_10/spoof_en_0296.wav,Commercial-Clone
data/raw/spoof_en/west_synth_10/spoof_en_0251.wav,Commercial-Clone
data/raw/spoof_en/west_synth_11/spoof_en_0267.wav,Commercial-Clone
data/raw/spoof_en/west_synth_11/spoof_en_0177.wav,Commercial-Clone
data/raw/spoof_en/west_synth_11/spoof_en_0162.wav,Commercial-Clone
data/raw/spoof_en/west_synth_11/spoof_en_0207.wav,Commercial-Clone
data/raw/spoof_en/west_synth_11/spoof_en_0237.wav,Commercial-Clone
data/raw/spoof_en/west_synth_11/spoof_en_0222.wav,Commercial-Clone
data/raw/spoof_en/west_synth_11/spoof_en_0192.wav,Commercial-Clone
data/raw/spoof_en/west_synth_11/spoof_en_0297.wav,Commercial-Clone
data/raw/spoof_en/west_synth_11/spoof_en_0282.wav,Commercial-Clone
data/raw/spoof_en/west_synth_11/spoof_en_0252.wav,Commercial-Clone
data/raw/spoof_en/west_synth_2/spoof_en_0288.wav,Commercial-Clone
data/raw/spoof_en/west_synth_2/spoof_en_0258.wav,Commercial-Clone
data/raw/spoof_en/west_synth_2/spoof_en_0273.wav,Commercial-Clone
data/raw/spoof_en/west_synth_2/spoof_en_0228.wav,Commercial-Clone
data/raw/spoof_en/west_synth_2/spoof_en_0213.wav,Commercial-Clone
data/raw/spoof_en/west_synth_2/spoof_en_0198.wav,Commercial-Clone
data/raw/spoof_en/west_synth_2/spoof_en_0183.wav,Commercial-Clone
data/raw/spoof_en/west_synth_2/spoof_en_0168.wav,Commercial-Clone
data/raw/spoof_en/west_synth_2/spoof_en_0153.wav,Commercial-Clone
data/raw/spoof_en/west_synth_2/spoof_en_0243.wav,Commercial-Clone
data/raw/spoof_en/west_synth_5/spoof_en_0276.wav,Commercial-Clone
data/raw/spoof_en/west_synth_5/spoof_en_0261.wav,Commercial-Clone
data/raw/spoof_en/west_synth_5/spoof_en_0201.wav,Commercial-Clone
data/raw/spoof_en/west_synth_5/spoof_en_0216.wav,Commercial-Clone
data/raw/spoof_en/west_synth_5/spoof_en_0171.wav,Commercial-Clone
data/raw/spoof_en/west_synth_5/spoof_en_0156.wav,Commercial-Clone
data/raw/spoof_en/west_synth_5/spoof_en_0186.wav,Commercial-Clone
data/raw/spoof_en/west_synth_5/spoof_en_0231.wav,Commercial-Clone
data/raw/spoof_en/west_synth_5/spoof_en_0246.wav,Commercial-Clone
data/raw/spoof_en/west_synth_5/spoof_en_0291.wav,Commercial-Clone
data/raw/spoof_en/indic_synth_en_10/spoof_en_0101.wav,Commercial-Clone
data/raw/spoof_en/indic_synth_en_10/spoof_en_0116.wav,Commercial-Clone
data/raw/spoof_en/indic_synth_en_10/spoof_en_0071.wav,Commercial-Clone
data/raw/spoof_en/indic_synth_en_10/spoof_en_0011.wav,Commercial-Clone
data/raw/spoof_en/indic_synth_en_10/spoof_en_0146.wav,Commercial-Clone
data/raw/spoof_en/indic_synth_en_10/spoof_en_0026.wav,Commercial-Clone
data/raw/spoof_en/indic_synth_en_10/spoof_en_0041.wav,Commercial-Clone
data/raw/spoof_en/indic_synth_en_10/spoof_en_0056.wav,Commercial-Clone
data/raw/spoof_en/indic_synth_en_10/spoof_en_0131.wav,Commercial-Clone
data/raw/spoof_en/indic_synth_en_10/spoof_en_0086.wav,Commercial-Clone
data/raw/spoof_en/indic_synth_en_11/spoof_en_0117.wav,Commercial-Clone
data/raw/spoof_en/indic_synth_en_11/spoof_en_0102.wav,Commercial-Clone
data/raw/spoof_en/indic_synth_en_11/spoof_en_0072.wav,Commercial-Clone
data/raw/spoof_en/indic_synth_en_11/spoof_en_0012.wav,Commercial-Clone
data/raw/spoof_en/indic_synth_en_11/spoof_en_0027.wav,Commercial-Clone
data/raw/spoof_en/indic_synth_en_11/spoof_en_0147.wav,Commercial-Clone
data/raw/spoof_en/indic_synth_en_11/spoof_en_0042.wav,Commercial-Clone
data/raw/spoof_en/indic_synth_en_11/spoof_en_0057.wav,Commercial-Clone
data/raw/spoof_en/indic_synth_en_11/spoof_en_0132.wav,Commercial-Clone
data/raw/spoof_en/indic_synth_en_11/spoof_en_0087.wav,Commercial-Clone
data/raw/spoof_en/indic_synth_en_2/spoof_en_0048.wav,Commercial-Clone
data/raw/spoof_en/indic_synth_en_2/spoof_en_0063.wav,Commercial-Clone
data/raw/spoof_en/indic_synth_en_2/spoof_en_0138.wav,Commercial-Clone
data/raw/spoof_en/indic_synth_en_2/spoof_en_0003.wav,Commercial-Clone
data/raw/spoof_en/indic_synth_en_2/spoof_en_0018.wav,Commercial-Clone
data/raw/spoof_en/indic_synth_en_2/spoof_en_0033.wav,Commercial-Clone
data/raw/spoof_en/indic_synth_en_2/spoof_en_0108.wav,Commercial-Clone
data/raw/spoof_en/indic_synth_en_2/spoof_en_0123.wav,Commercial-Clone
data/raw/spoof_en/indic_synth_en_2/spoof_en_0078.wav,Commercial-Clone
data/raw/spoof_en/indic_synth_en_2/spoof_en_0093.wav,Commercial-Clone
data/raw/spoof_en/indic_synth_en_5/spoof_en_0066.wav,Commercial-Clone
data/raw/spoof_en/indic_synth_en_5/spoof_en_0111.wav,Commercial-Clone
data/raw/spoof_en/indic_synth_en_5/spoof_en_0006.wav,Commercial-Clone
data/raw/spoof_en/indic_synth_en_5/spoof_en_0036.wav,Commercial-Clone
data/raw/spoof_en/indic_synth_en_5/spoof_en_0021.wav,Commercial-Clone
data/raw/spoof_en/indic_synth_en_5/spoof_en_0141.wav,Commercial-Clone
data/raw/spoof_en/indic_synth_en_5/spoof_en_0096.wav,Commercial-Clone
data/raw/spoof_en/indic_synth_en_5/spoof_en_0081.wav,Commercial-Clone
data/raw/spoof_en/indic_synth_en_5/spoof_en_0126.wav,Commercial-Clone
data/raw/spoof_en/indic_synth_en_5/spoof_en_0051.wav,Commercial-Clone
data/raw/spoof_en/indic_synth_en_4/spoof_en_0065.wav,Commercial-Clone
data/raw/spoof_en/indic_synth_en_4/spoof_en_0110.wav,Commercial-Clone
data/raw/spoof_en/indic_synth_en_4/spoof_en_0005.wav,Commercial-Clone
data/raw/spoof_en/indic_synth_en_4/spoof_en_0035.wav,Commercial-Clone
data/raw/spoof_en/indic_synth_en_4/spoof_en_0140.wav,Commercial-Clone
data/raw/spoof_en/indic_synth_en_4/spoof_en_0020.wav,Commercial-Clone
data/raw/spoof_en/indic_synth_en_4/spoof_en_0095.wav,Commercial-Clone
data/raw/spoof_en/indic_synth_en_4/spoof_en_0080.wav,Commercial-Clone
data/raw/spoof_en/indic_synth_en_4/spoof_en_0050.wav,Commercial-Clone
data/raw/spoof_en/indic_synth_en_4/spoof_en_0125.wav,Commercial-Clone
data/raw/spoof_en/indic_synth_en_3/spoof_en_0049.wav,Commercial-Clone
data/raw/spoof_en/indic_synth_en_3/spoof_en_0139.wav,Commercial-Clone
data/raw/spoof_en/indic_synth_en_3/spoof_en_0064.wav,Commercial-Clone
data/raw/spoof_en/indic_synth_en_3/spoof_en_0004.wav,Commercial-Clone
data/raw/spoof_en/indic_synth_en_3/spoof_en_0034.wav,Commercial-Clone
data/raw/spoof_en/indic_synth_en_3/spoof_en_0019.wav,Commercial-Clone
data/raw/spoof_en/indic_synth_en_3/spoof_en_0109.wav,Commercial-Clone
data/raw/spoof_en/indic_synth_en_3/spoof_en_0094.wav,Commercial-Clone
data/raw/spoof_en/indic_synth_en_3/spoof_en_0124.wav,Commercial-Clone
data/raw/spoof_en/indic_synth_en_3/spoof_en_0079.wav,Commercial-Clone
data/raw/spoof_en/west_synth_0/spoof_en_0271.wav,Commercial-Clone
data/raw/spoof_en/west_synth_0/spoof_en_0166.wav,Commercial-Clone
data/raw/spoof_en/west_synth_0/spoof_en_0211.wav,Commercial-Clone
data/raw/spoof_en/west_synth_0/spoof_en_0181.wav,Commercial-Clone
data/raw/spoof_en/west_synth_0/spoof_en_0196.wav,Commercial-Clone
data/raw/spoof_en/west_synth_0/spoof_en_0226.wav,Commercial-Clone
data/raw/spoof_en/west_synth_0/spoof_en_0151.wav,Commercial-Clone
data/raw/spoof_en/west_synth_0/spoof_en_0256.wav,Commercial-Clone
data/raw/spoof_en/west_synth_0/spoof_en_0241.wav,Commercial-Clone
data/raw/spoof_en/west_synth_0/spoof_en_0286.wav,Commercial-Clone
data/raw/spoof_en/west_synth_7/spoof_en_0263.wav,Commercial-Clone
data/raw/spoof_en/west_synth_7/spoof_en_0248.wav,Commercial-Clone
data/raw/spoof_en/west_synth_7/spoof_en_0188.wav,Commercial-Clone
data/raw/spoof_en/west_synth_7/spoof_en_0203.wav,Commercial-Clone
data/raw/spoof_en/west_synth_7/spoof_en_0158.wav,Commercial-Clone
data/raw/spoof_en/west_synth_7/spoof_en_0173.wav,Commercial-Clone
data/raw/spoof_en/west_synth_7/spoof_en_0233.wav,Commercial-Clone
data/raw/spoof_en/west_synth_7/spoof_en_0218.wav,Commercial-Clone
data/raw/spoof_en/west_synth_7/spoof_en_0293.wav,Commercial-Clone
data/raw/spoof_en/west_synth_7/spoof_en_0278.wav,Commercial-Clone
data/raw/spoof_en/west_synth_14/spoof_en_0300.wav,Commercial-Clone
data/raw/spoof_en/west_synth_14/spoof_en_0270.wav,Commercial-Clone
data/raw/spoof_en/west_synth_14/spoof_en_0165.wav,Commercial-Clone
data/raw/spoof_en/west_synth_14/spoof_en_0210.wav,Commercial-Clone
data/raw/spoof_en/west_synth_14/spoof_en_0195.wav,Commercial-Clone
data/raw/spoof_en/west_synth_14/spoof_en_0180.wav,Commercial-Clone
data/raw/spoof_en/west_synth_14/spoof_en_0225.wav,Commercial-Clone
data/raw/spoof_en/west_synth_14/spoof_en_0240.wav,Commercial-Clone
data/raw/spoof_en/west_synth_14/spoof_en_0255.wav,Commercial-Clone
data/raw/spoof_en/west_synth_14/spoof_en_0285.wav,Commercial-Clone
data/raw/spoof_en/west_synth_9/spoof_en_0265.wav,Commercial-Clone
data/raw/spoof_en/west_synth_9/spoof_en_0160.wav,Commercial-Clone
data/raw/spoof_en/west_synth_9/spoof_en_0175.wav,Commercial-Clone
data/raw/spoof_en/west_synth_9/spoof_en_0205.wav,Commercial-Clone
data/raw/spoof_en/west_synth_9/spoof_en_0220.wav,Commercial-Clone
data/raw/spoof_en/west_synth_9/spoof_en_0235.wav,Commercial-Clone
data/raw/spoof_en/west_synth_9/spoof_en_0190.wav,Commercial-Clone
data/raw/spoof_en/west_synth_9/spoof_en_0280.wav,Commercial-Clone
data/raw/spoof_en/west_synth_9/spoof_en_0295.wav,Commercial-Clone
data/raw/spoof_en/west_synth_9/spoof_en_0250.wav,Commercial-Clone
data/raw/spoof_en/west_synth_13/spoof_en_0299.wav,Commercial-Clone
data/raw/spoof_en/west_synth_13/spoof_en_0164.wav,Commercial-Clone
data/raw/spoof_en/west_synth_13/spoof_en_0239.wav,Commercial-Clone
data/raw/spoof_en/west_synth_13/spoof_en_0194.wav,Commercial-Clone
data/raw/spoof_en/west_synth_13/spoof_en_0209.wav,Commercial-Clone
data/raw/spoof_en/west_synth_13/spoof_en_0179.wav,Commercial-Clone
data/raw/spoof_en/west_synth_13/spoof_en_0224.wav,Commercial-Clone
data/raw/spoof_en/west_synth_13/spoof_en_0254.wav,Commercial-Clone
data/raw/spoof_en/west_synth_13/spoof_en_0269.wav,Commercial-Clone
data/raw/spoof_en/west_synth_13/spoof_en_0284.wav,Commercial-Clone
data/raw/spoof_en/west_synth_8/spoof_en_0249.wav,Commercial-Clone
data/raw/spoof_en/west_synth_8/spoof_en_0264.wav,Commercial-Clone
data/raw/spoof_en/west_synth_8/spoof_en_0189.wav,Commercial-Clone
data/raw/spoof_en/west_synth_8/spoof_en_0174.wav,Commercial-Clone
data/raw/spoof_en/west_synth_8/spoof_en_0159.wav,Commercial-Clone
data/raw/spoof_en/west_synth_8/spoof_en_0204.wav,Commercial-Clone
data/raw/spoof_en/west_synth_8/spoof_en_0234.wav,Commercial-Clone
data/raw/spoof_en/west_synth_8/spoof_en_0219.wav,Commercial-Clone
data/raw/spoof_en/west_synth_8/spoof_en_0294.wav,Commercial-Clone
data/raw/spoof_en/west_synth_8/spoof_en_0279.wav,Commercial-Clone
data/raw/spoof_en/west_synth_12/spoof_en_0298.wav,Commercial-Clone
data/raw/spoof_en/west_synth_12/spoof_en_0163.wav,Commercial-Clone
data/raw/spoof_en/west_synth_12/spoof_en_0238.wav,Commercial-Clone
data/raw/spoof_en/west_synth_12/spoof_en_0208.wav,Commercial-Clone
data/raw/spoof_en/west_synth_12/spoof_en_0223.wav,Commercial-Clone
data/raw/spoof_en/west_synth_12/spoof_en_0178.wav,Commercial-Clone
data/raw/spoof_en/west_synth_12/spoof_en_0193.wav,Commercial-Clone
data/raw/spoof_en/west_synth_12/spoof_en_0268.wav,Commercial-Clone
data/raw/spoof_en/west_synth_12/spoof_en_0283.wav,Commercial-Clone
data/raw/spoof_en/west_synth_12/spoof_en_0253.wav,Commercial-Clone
data/raw/spoof_en/west_synth_6/spoof_en_0262.wav,Commercial-Clone
data/raw/spoof_en/west_synth_6/spoof_en_0277.wav,Commercial-Clone
data/raw/spoof_en/west_synth_6/spoof_en_0202.wav,Commercial-Clone
data/raw/spoof_en/west_synth_6/spoof_en_0217.wav,Commercial-Clone
data/raw/spoof_en/west_synth_6/spoof_en_0172.wav,Commercial-Clone
data/raw/spoof_en/west_synth_6/spoof_en_0157.wav,Commercial-Clone
data/raw/spoof_en/west_synth_6/spoof_en_0232.wav,Commercial-Clone
data/raw/spoof_en/west_synth_6/spoof_en_0187.wav,Commercial-Clone
data/raw/spoof_en/west_synth_6/spoof_en_0292.wav,Commercial-Clone
data/raw/spoof_en/west_synth_6/spoof_en_0247.wav,Commercial-Clone
data/raw/spoof_en/west_synth_1/spoof_en_0272.wav,Commercial-Clone
data/raw/spoof_en/west_synth_1/spoof_en_0212.wav,Commercial-Clone
data/raw/spoof_en/west_synth_1/spoof_en_0167.wav,Commercial-Clone
data/raw/spoof_en/west_synth_1/spoof_en_0182.wav,Commercial-Clone
data/raw/spoof_en/west_synth_1/spoof_en_0197.wav,Commercial-Clone
data/raw/spoof_en/west_synth_1/spoof_en_0227.wav,Commercial-Clone
data/raw/spoof_en/west_synth_1/spoof_en_0152.wav,Commercial-Clone
data/raw/spoof_en/west_synth_1/spoof_en_0257.wav,Commercial-Clone
data/raw/spoof_en/west_synth_1/spoof_en_0242.wav,Commercial-Clone
data/raw/spoof_en/west_synth_1/spoof_en_0287.wav,Commercial-Clone
data/raw/spoof_en/indic_synth_en_13/spoof_en_0074.wav,Commercial-Clone
data/raw/spoof_en/indic_synth_en_13/spoof_en_0089.wav,Commercial-Clone
data/raw/spoof_en/indic_synth_en_13/spoof_en_0059.wav,Commercial-Clone
data/raw/spoof_en/indic_synth_en_13/spoof_en_0104.wav,Commercial-Clone
data/raw/spoof_en/indic_synth_en_13/spoof_en_0014.wav,Commercial-Clone
data/raw/spoof_en/indic_synth_en_13/spoof_en_0149.wav,Commercial-Clone
data/raw/spoof_en/indic_synth_en_13/spoof_en_0029.wav,Commercial-Clone
data/raw/spoof_en/indic_synth_en_13/spoof_en_0134.wav,Commercial-Clone
data/raw/spoof_en/indic_synth_en_13/spoof_en_0044.wav,Commercial-Clone
data/raw/spoof_en/indic_synth_en_13/spoof_en_0119.wav,Commercial-Clone
data/raw/spoof_en/indic_synth_en_14/spoof_en_0060.wav,Commercial-Clone
data/raw/spoof_en/indic_synth_en_14/spoof_en_0075.wav,Commercial-Clone
data/raw/spoof_en/indic_synth_en_14/spoof_en_0105.wav,Commercial-Clone
data/raw/spoof_en/indic_synth_en_14/spoof_en_0015.wav,Commercial-Clone
data/raw/spoof_en/indic_synth_en_14/spoof_en_0030.wav,Commercial-Clone
data/raw/spoof_en/indic_synth_en_14/spoof_en_0150.wav,Commercial-Clone
data/raw/spoof_en/indic_synth_en_14/spoof_en_0135.wav,Commercial-Clone
data/raw/spoof_en/indic_synth_en_14/spoof_en_0120.wav,Commercial-Clone
data/raw/spoof_en/indic_synth_en_14/spoof_en_0090.wav,Commercial-Clone
data/raw/spoof_en/indic_synth_en_14/spoof_en_0045.wav,Commercial-Clone
data/raw/spoof_en/indic_synth_en_12/spoof_en_0088.wav,Commercial-Clone
data/raw/spoof_en/indic_synth_en_12/spoof_en_0103.wav,Commercial-Clone
data/raw/spoof_en/indic_synth_en_12/spoof_en_0073.wav,Commercial-Clone
data/raw/spoof_en/indic_synth_en_12/spoof_en_0058.wav,Commercial-Clone
data/raw/spoof_en/indic_synth_en_12/spoof_en_0028.wav,Commercial-Clone
data/raw/spoof_en/indic_synth_en_12/spoof_en_0148.wav,Commercial-Clone
data/raw/spoof_en/indic_synth_en_12/spoof_en_0013.wav,Commercial-Clone
data/raw/spoof_en/indic_synth_en_12/spoof_en_0043.wav,Commercial-Clone
data/raw/spoof_en/indic_synth_en_12/spoof_en_0133.wav,Commercial-Clone
data/raw/spoof_en/indic_synth_en_12/spoof_en_0118.wav,Commercial-Clone
